post_thread_id,post_author_id,post_id,post_time,word
1101,57937,787663,1337268600.0,288600d74c1705afdbfe0fb105d4e4fa26b633c8
1101,57937,787663,1337268600.0,9dfcb44a684ab9cdcaf12980f68074aed48950a3
1101,57937,787663,1337268600.0,3c1c5c339e3c01dea26412268304cc50a7a874ab
1101,57937,787663,1337268600.0,252c9c41d47ba09c05ce7f907d14c7059ded6b8f
1101,57937,787663,1337268600.0,18181e8430440df3de9016d13fdb91a893676e8d
1101,57937,787663,1337268600.0,54d550c4c17179b5e158d3dc542a39e55e79b1b5
1101,57937,787663,1337268600.0,f632625e7ed17e1794a36a9048b43fe7ca1d2e5e
1101,57937,787663,1337268600.0,db461f309eee1f9d8e0a7c2da7e0f9ce8eeab6de
1101,57937,787663,1337268600.0,98e53bdaaa6aa1f17062d207de20f190cccdd94f
1101,57937,787663,1337268600.0,cd064221e01f19f9526c50cc94b3b7b6ef47d16b
1101,57937,787663,1337268600.0,4e33c45585d96047ad513571bb13ef17ee65a1f1
1101,57937,787663,1337268600.0,022fdefbbce9eda5ced3bf961d97e9b3dd2b9af9
1101,57937,787663,1337268600.0,2a9505c09ba137c0d46e4cb5d886385c20da5611
1101,57937,787663,1337268600.0,aab181c0df3c079a87c7aa5499008edfca3505ce
1101,57937,787663,1337268600.0,5d27d211ff396c0ad8af776f28bcab8e536c11fb
1101,57937,787663,1337268600.0,c140f74bb47bc499a30e04253e411ccc5aab0ef6
1101,57937,787663,1337268600.0,7fc287f55511aa40c13340ceceaae6e848d89beb
1101,57937,787663,1337268600.0,e62ca099e24d520999bc5af9c4e8adb636760275
1101,57937,787663,1337268600.0,f0f4b40a04e9a67e56d7c88a330d4d334a235b2e
1101,57937,787663,1337268600.0,b9fa4472fbc76bcddbbc0b7c237e5c0e3d4c0a7d
1101,57937,787663,1337268600.0,152285b9b6548dea57975f6acf58154ae3e9512c
1101,57937,787663,1337268600.0,de9a5b2d11d53a5a99ebd07e484347091baf4215
1101,57937,787663,1337268600.0,e2e2aa1f4d37f6cdd6ecaca7e2fa08b93fe19372
1101,57937,787663,1337268600.0,77f7874e95b8c291e347fdddb0f2cefc65e0aa1b
1101,57937,787663,1337268600.0,ab082d2b359b43eea832e39d2b19925611640090
1101,57937,787663,1337268600.0,ed8b8189d3a64cfde8ae478d81bdc04187d4b8b3
1101,57937,787663,1337268600.0,7a1296ed6b5cf68b65a600e7b6ce25c9c4f54fb6
1101,57937,787663,1337268600.0,a9b45d7092cd59d7ea64abee2adfa221af932852
1101,57937,787663,1337268600.0,b833a6c557c499bc3f08713439010c27bf62b98d
1101,57937,787663,1337268600.0,5dfdc7714b0dfccf71ea6cef528ca0f7611a33c4
1101,57937,787663,1337268600.0,2e6d9e833d55e929b1c1d8f45558d897b632cfbe
1101,57937,787663,1337268600.0,76dfb328e5b4ac7a644620d2348ce1a6ade55980
1101,57937,787663,1337268600.0,4c026fb0d5c56645bbd4a31d646a90f2820b4231
1101,57937,787663,1337268600.0,6584313c7911eaaa3f4a585137d2264ed65504a9
1101,57937,787663,1337268600.0,146ee511fa202aa3a6afe4f88690d932b757ae28
1101,57937,787663,1337268600.0,dd11ac999dcd721a02b81160dd7633bd75896908
1101,57937,787663,1337268600.0,a5ac0e2f9aae3051e6a9842e24f837567b3f1ff0
1101,57937,787663,1337268600.0,b39dde7a17eb911b613fd82a77207c148030d814
1101,57937,787663,1337268600.0,0ccf512d912bd5664f72b51412995d99ca004cb3
1101,57937,787663,1337268600.0,dae4c85f07a06ef9a2ef01e4728d97cc8c4c3982
1101,57937,787663,1337268600.0,0a3d2c4f76c35e8e3c340bd06cb728144641966e
1101,57937,787663,1337268600.0,344748946369ec5673af8e46c5f31261f6af234a
1101,57937,787663,1337268600.0,b9df162a2cff1bee284d6bd2767eaab2a6c0942e
1101,57937,787663,1337268600.0,a36eb99c1a6c12bd4a702d3143569f674e37fa89
1101,57937,787663,1337268600.0,fed62e539f98eb95c8e597570339015d38ad78e9
1101,57937,787663,1337268600.0,91c27efe8bab943bbcea9eccf3afbedd227bc260
1101,57937,787663,1337268600.0,7513b0ac22aca997fbbb0d8e82389692e44a38e0
1101,57937,787663,1337268600.0,1f2bebc17c79ddb1c1b5a18bb21505785db99984
1101,57937,787663,1337268600.0,1166c735209ff438a5b75b39f3f3222a86552472
1101,57937,787663,1337268600.0,2b05aa424fd536abada08a9bee805043e5007afa
1101,57937,787663,1337268600.0,26ecf4721853c257aca21c36420665618e578c6c
1101,57937,787663,1337268600.0,9c3090749257abd84a6810350c3164b29208fe28
1101,57937,787663,1337268600.0,d72c8fde86df4eefd15609bf26828450d9ae55e6
1101,57937,787663,1337268600.0,b9daab85cfefbe0aec397a122a90f51f0e6eb446
1101,57937,787663,1337268600.0,741e19455032cf00ce0d504b996c35e8f458e505
1101,57937,787663,1337268600.0,cb895dcce322a0e76d8bb80d293c04259d4c3368
1101,57937,787663,1337268600.0,3f27528f56ec95db79ac5e95e1c6e03b90d18db3
1101,57937,787663,1337268600.0,58d5355fee8ff330808669814ae39f11637960b2
1101,57937,787663,1337268600.0,9ca1a7a6037b8c258e0f4f92a2e305fa615a9dc1
1101,57937,787663,1337268600.0,9d64d7672d0f2a74217a89730cd6c9b4c1143412
1101,57937,787663,1337268600.0,5cf5b6b4bf5ad9b5c7353e6ff480bf304ce80448
1101,57937,787663,1337268600.0,88fd12285eabdc6ace242df380a6ffce149b9c9a
1101,57937,787663,1337268600.0,47ded36e1b125235c51ebd354c771ea0854d1aa6
1101,57937,787663,1337268600.0,42d3318ac0e55c3e55e7dccda2926eb0beab69ea
1101,57937,787663,1337268600.0,1b7b23a5ee2567f6a84f6ccd0a10a3345b05d6f4
1101,57937,787663,1337268600.0,05771d9de79e4baf86cf852ce47f5366d65928d4
1101,57937,787663,1337268600.0,c9272501ea1ece20dcca26e14cc17b61bae8a8b9
1101,57937,787663,1337268600.0,6e65ebeaacdedfd62cf579082a552231038951e9
1101,57937,787663,1337268600.0,a2b32be2154cea233f487801c83d26c3168c2efe
1101,57937,787663,1337268600.0,e7bcf7fdc88ccf9f05fc1e11e0ac17b5f48a07a2
1101,57937,787663,1337268600.0,21cc76f6647ed419c4c40a5a904a18546c1cd595
1101,57937,787663,1337268600.0,e41add392c2d857a1d8b6a561041f9625eced197
1101,57937,787663,1337268600.0,05ee4a53d357526d484e5dd0909618e4e4ff9d90
1101,57937,787663,1337268600.0,b856a085327c591466dc81e5da5816cfc7c03efe
1101,57937,787663,1337268600.0,fb721a5bd69d52e289dc038167aeaedaccaebc00
1101,57937,787663,1337268600.0,ef19da8000cd32e4063f3c6f645c4d9cb8cc75b4
1101,57937,787663,1337268600.0,f0615e9482202572f150cc3bf4943004200d317d
1101,57937,787663,1337268600.0,f5b3173b9f198bc45a79463bcbef7e131ff277fc
1101,57937,787663,1337268600.0,3ed7c75cc649c69364c244848199da21940f7a75
1101,57937,787663,1337268600.0,e915a008b45bcd6b7f402cc032d7490ee4ba973f
1101,57937,787663,1337268600.0,732ec41c81b6c247fc7c8ad4a9bc82277d11d968
1101,57937,787663,1337268600.0,387d944335d8fd901351f24eac0565b4c00cd9b3
1101,57937,787663,1337268600.0,646ca76ed6f21104ccbb8525fceae8acda594b80
1101,57937,787663,1337268600.0,75d338fc892fa9343b387fa139482d6ab4b5a508
1101,57937,787663,1337268600.0,21376fdc9b390e0df2a7cfaecc23482dd36a1fcd
1101,57937,787663,1337268600.0,c2ce0370781eb547424fdf41ffa9b7d52f883adf
1101,57937,787663,1337268600.0,bc80f729aa5d47cf2a057a530bf0330ac3d054f8
1101,57937,787663,1337268600.0,156daddcf0bf541ce27e83a1a722d0f7cc081542
1101,57937,787663,1337268600.0,8b2aea1be4931e700727cce18f657aac9cebc201
1101,57937,787663,1337268600.0,cb02e680087548e0b43f23d80b82939d3d2672b7
1101,57937,787663,1337268600.0,ba587feb84ffc4bcd7346f8284ec53837a47ab50
1101,57937,787663,1337268600.0,6f9f3d3f3bde6d1679a3a9e11799a3ce972a3b06
1101,57937,787663,1337268600.0,a00fe8f46d9baf8cc83a5653a4986087cca025d1
1101,57937,787663,1337268600.0,f9f5287a1cba1061e095eb3fbf6280a5243abcce
1101,57937,787663,1337268600.0,a67b1c234c14d217bd3fb3b18e19cbc09b24d559
1101,57937,787663,1337268600.0,21cd7cbec6df693927a2e93f00799c04a7a2fb28
1101,57937,787663,1337268600.0,c6b6ef78b3e394bd9646fdafb73cc3f1a744bc7e
1101,57937,787663,1337268600.0,6701b182679fc38836f4f171db5fea81a82000fb
1101,57937,787663,1337268600.0,e8cd2c1381cdf9e5ca119bfc06dc1c5543c790e0
1101,57937,787663,1337268600.0,a524d698a6f2b02a2b027245b1e8ff5f1e643d3e
1101,57937,787663,1337268600.0,d61e63b3a17d90268e37eab0cc86c12ac8b22c17
1101,57937,787663,1337268600.0,ac4c9046309182e09a6943a4a72dab677f4502bb
1101,57937,787663,1337268600.0,e5de8325804568097c15e201b17c8894d180d4b6
1101,57937,787663,1337268600.0,a4bb4ef3b43f4001df1089038c6f6826211e4e91
1101,57937,787663,1337268600.0,3e0908d791f672779d16d796308dba17b4e1ec8a
1101,57937,787663,1337268600.0,a2f7b85d92c0b9aa698b667bb31e9090a5a7eb4b
1101,57937,787663,1337268600.0,777106317ac0ac32781f40173dcd51458856879c
1101,57937,787663,1337268600.0,f43e19287c0d77d087d2636c8d10922c21475f8d
1101,57937,787663,1337268600.0,010142fab13b7e972aeadd787439c02f03622964
1101,57937,787663,1337268600.0,ddc379730e150afa63d016c3908362224bfb8542
1101,57937,787663,1337268600.0,4cb80a699762152a942b0d6479174df004ffdd77
1101,57937,787663,1337268600.0,a2b3e0c6148fa5c3403ecfba5f8fdc02c3176e7b
1101,57937,787663,1337268600.0,677a2eec61c390bcdc52203f944cf04f62a6b26d
1101,57937,787663,1337268600.0,88a7989b932f7d6941cfdf224e7dd45795119040
1101,57937,787663,1337268600.0,c5212a89e6bfca0e258aa6af6b5170bf0ba02074
1101,57937,787663,1337268600.0,4424609ce8f972c64842cf25d140209949939181
1101,57937,787663,1337268600.0,d77f87516298dfba34bc157f0092a9637e6be470
1101,57937,787663,1337268600.0,71c78fd6fac93babccc04d786dc75dfc1de78a8d
1101,57937,787663,1337268600.0,8f071c2b01df386480bc953490253a8db48871b8
1101,57937,787663,1337268600.0,606e712308a7c03e08fb4501859c1e3e2b05ba9b
1101,57937,787663,1337268600.0,42c1384c7c7167bf2613a98fd5d1c9d08694e445
1101,57937,787663,1337268600.0,1c4e0f512f8139f89cfa0f759efddcf1b398c7e6
1101,57937,787663,1337268600.0,eb3be3db6c6b0a20a64360e85f7a396531b8bd0f
1101,57937,787663,1337268600.0,6bb3d3fd68086984dccd18ba79cf9a7fc8677b02
1101,57937,787663,1337268600.0,50469efbf7c217d0cda6f56c48afacee3517102d
1101,57937,787663,1337268600.0,deac251fd321395f60fc1a7ad5e793c6574fa51f
1101,57937,787663,1337268600.0,6bdb829a8e78605bf68c8a98458e2ae65f8c739d
1101,57937,787663,1337268600.0,dfc2e7259e3e02bc86710155042104cfb1c663ad
1101,57937,787663,1337268600.0,f30207328ab4576c2fe6d1c584b16bb778509191
1101,57937,787663,1337268600.0,1425149336a08a0dc2cebf000ddeb17c1f176400
1101,57937,787663,1337268600.0,21a9cc93952613dd7ce438f42333ed792ef8c9e1
1101,57937,787663,1337268600.0,c16d4d42a06f2012901d59edf88b92f7b1988cdf
1101,57937,787663,1337268600.0,f1feac8344cb7385b90ff17aed55b92f86923c2d
1101,57937,787663,1337268600.0,c25eeac6d36f32206f1f28180452078ca5d005a2
1101,57937,787663,1337268600.0,fdd3af048c780cf35dd20921ad5d98caa1f8e289
1101,57937,787663,1337268600.0,e3991157e61cba454205d4ef84b9a9ca6c8bfcba
1101,57937,787663,1337268600.0,2cc0811de640628839db496812643fa60d3561e4
1101,57937,787663,1337268600.0,ff141a4b2c2deea29ee14df94ec4ac301a51a4a6
1101,57937,787663,1337268600.0,a53c0840c05ffe105a469ae577e53b536321a172
1101,57937,787663,1337268600.0,e6cbc76c5ba518bbed4a11c4ecccca0f3361ead3
1101,57937,787663,1337268600.0,6772e9757b84fbffdeef02432ccd72cd1f13fedf
1101,57937,787663,1337268600.0,bcc7097e96d489da11cfc6b17828c434ed761a82
1101,57937,787663,1337268600.0,822ed3491a979222baee4afaf3ad5069bc636c09
1101,57937,787663,1337268600.0,cbbc4797ddc1991ae95a3001d72d9d86a158e074
1101,57937,787663,1337268600.0,b2686cd67365f8ce1bf93657f1cbda7904c7f6d3
1101,57937,787663,1337268600.0,14358bd3cb571db0a8698c880ece5eac68ce7574
1101,57937,787663,1337268600.0,39780e02a5efb38d73ca5a6c74ace0eb63976874
1101,57937,787663,1337268600.0,acff149470157bc1c60b7d002fd9cc1fa155978f
1101,57937,787663,1337268600.0,5524a4474ede721869e1a7dba70698be44cb9ac9
1101,57937,787663,1337268600.0,5174d2462132e9f37d7e76eafeddaf58150b94c5
1101,57937,787663,1337268600.0,bce9ef9e2c78e5864e18df46025f21a132f763e7
1101,57937,787663,1337268600.0,c8e27ac31e9f581e2a1055d6e49cd7c3c5b4f548
1101,57937,787663,1337268600.0,5f06f3a3e43ceaf9812f5ea21f6eedfd378e9c1a
1101,57937,787663,1337268600.0,facdf5091647f67a58b26b5b1effa86abfb69c4d
1101,57937,787663,1337268600.0,502dcd142f2ad19b3569d81f3b4db0c5bd00a851
1101,57937,787663,1337268600.0,95a47306ea606382351d57ea8ead464741ef7433
1101,57937,787663,1337268600.0,257d2f0b279df362306579da548d04f8005f8d52
1101,57937,787663,1337268600.0,266c232b32bddde5a66324d97063dfde34823293
1101,57937,787663,1337268600.0,b1f47a1c0474c029ee383d2967ca449e0cd2c3fa
1101,57937,787663,1337268600.0,d6e7a1a69c842a56befe6d76757ff26a0467b07d
1101,57937,787663,1337268600.0,cd63cb1eec93260afbd8255b6dd84a59021df5fc
1101,57937,787663,1337268600.0,7219a7164a95b1e7234025298948746761960af7
1101,57937,787663,1337268600.0,fe8a4182f20b32a073223431cbf432ffe2162019
1101,57937,787663,1337268600.0,909989d86efefda21deb713b3db7fffb8f6cb0bc
1101,57937,787663,1337268600.0,232eb02947bb25cccddea917a722c6e235622b69
1101,57937,787663,1337268600.0,9aa522c2a2565b6bbd4072e9d95037fa34d53986
1101,57937,787663,1337268600.0,7366a9d4b998ac04e882c1fc87ba9e191622fa8b
1101,57937,787663,1337268600.0,6ba5a4b58a079466f3e0ed9fd106486eaf963cf7
1101,57937,787663,1337268600.0,c566f8ae4b4ba0f616dabe3b560cbcfb0914531c
1101,57937,787663,1337268600.0,5ca679a270a94bc36b278316a68a8b49a8f2c294
1101,57937,787663,1337268600.0,7f780452370b37cf546b14ea47cce47aafd51073
1101,57937,787663,1337268600.0,d5685b00ae5a06c34cd309669c4c53e3db8fb74a
1101,57937,787663,1337268600.0,9c9c4ff64a43259ac061bce7b9d24ebde7ed28d1
1101,57937,787663,1337268600.0,16006c926cc4a5def0cb9fee1cdfade5d0db8fe4
1101,57937,787663,1337268600.0,775468ccf136516594770e957b448826e84faed8
1101,57937,787663,1337268600.0,cc45aea10ff74b2816c7d1bbe538b546026099b5
1101,57937,787663,1337268600.0,8c8441e4f3a913ac41c810ab9160779f0e7e0ca1
1101,57937,787663,1337268600.0,e8f5f94089d61c3777b3d8f3e1ac6431761eb7bd
1101,57937,787663,1337268600.0,7fe77bb8ade695c29e79e93d993ebe9d3312595b
1101,57937,787663,1337268600.0,8fa572793874bba8a5194e1be03773e741317161
1101,57937,787663,1337268600.0,53c577e1630502330c37e699c64decced5d88376
1101,57937,787663,1337268600.0,68b9aee3fdf871049d092b18eafb13947cab1020
1101,57937,787663,1337268600.0,a950b510bc00741f6616e74754c14a8abab350c3
1101,57937,787663,1337268600.0,d39572e4536c00690d6a810a512f88596d0b0b48
1101,57937,787663,1337268600.0,d41eaee9dbb9789fa5156de84816d074464ed621
1101,57937,787663,1337268600.0,74f04a0dfce3a27c59806cd813eaff4c9ac9d41f
1101,57937,787663,1337268600.0,001fb67ae21833112da2958e596795826fed17c3
1101,57937,787663,1337268600.0,f5e439fa35750445bb08aa3e5b4ab4908aa2977f
1101,57937,787663,1337268600.0,14130973f96e8a826b05aafa4f16007b44cfb50e
1101,57937,787663,1337268600.0,d8e90129d111ad080cb6a0ee9504adf1ebebe3a7
1101,57937,787663,1337268600.0,c70233a08a6b5fa4a3a1c49996482aae25a10cc0
1101,57937,787663,1337268600.0,82f0cc1b44c9c3c00332668e0ce5b91ac6776c8e
1101,57937,787663,1337268600.0,ef6815e8f8abd9a2133449b19e7ed9e4e30de088
1101,57937,787663,1337268600.0,2d531e8750e8ffebdee0814630e570fc651a8176
1101,57937,787663,1337268600.0,6706dc56cf5d07915e2bce6fd0d555be90d66e3e
1101,57937,787663,1337268600.0,a48ae61850da95b7d205e4d2a9b764fdd237f3f9
1101,57937,787663,1337268600.0,a431d7c09291aadf85f043cd9754cadd6e1cebbf
1101,57937,787663,1337268600.0,49b9db665ce05716e7fa7de837b013e19fa848af
1101,57937,787663,1337268600.0,eaa0a1d2b3fddc3746bbc2b9d779fe88a8a30f45
1101,57937,787663,1337268600.0,00c053e387fe715b34fe1620cd46b305a068659d
1101,57937,787663,1337268600.0,87b156cbb0e197c3c980e069725e3f87353c0a8e
1101,57937,787663,1337268600.0,4918219e351c1da342411bf4dac80ec282e056e1
1101,57937,787663,1337268600.0,ba4a5ded3dafb5dd6bff717f89b454ba145928cd
1101,57937,787663,1337268600.0,ebc23aa11663b13d2ff68c2d6be272f7fb82cb29
1101,57937,787663,1337268600.0,90b2bef65efb04996258d0a081ecaf2c52249a1e
1101,57937,787663,1337268600.0,87b2bad6e4b7f1449bc3615ae9ff0bfefe984351
1101,57937,787663,1337268600.0,8e8a03573af2bb9178eca80c8b679e82e66a5838
1101,57937,787663,1337268600.0,4e7bd3cf6f731037fd8eee0eab0d41156193ee73
1101,57937,787663,1337268600.0,5b6ef7634abae45b8777eb77f08732c3acbcc78e
1101,57937,787663,1337268600.0,ffb5c554982de65172ca71e74586b2ffe35aaae9
1101,57937,787663,1337268600.0,4be4d00bad53ad0b0efb76907ef654de98489009
1101,57937,787663,1337268600.0,6812c1a47a1a0a9475f2e4d2e27a05d49a8a7ce3
1101,57937,787663,1337268600.0,39eea61d4751cdca475359cd5a36c1cd927b1977
1101,57937,787663,1337268600.0,a405ba3b915805469697fe3a7f517c5f7527ab8e
1101,57937,787663,1337268600.0,2db4158bd4aef8f378c23bd1b8319f740ed8cc85
1101,57937,787663,1337268600.0,fa0828d35f4eb8a2705041205a04565d4fcd6200
1101,57937,787663,1337268600.0,b290d1c1ca43530048c7e2724d341f920711db45
1101,57937,787663,1337268600.0,89e1aac3ff683850732bc95d760239aed6be87da
1101,57937,787663,1337268600.0,aeacaf150796d20ac4a8616a9f30dba310dd7bfa
1101,57937,787663,1337268600.0,1af678cca94bbf15bbada8b854c177dfa377399b
1101,57937,787663,1337268600.0,43ec6cbb3f378e3fe0a15212c5341a84545bb9ff
1101,57937,787663,1337268600.0,fbd84881fafb0798b9689b08ab9b8f3454cec288
1101,57937,787663,1337268600.0,d6d65ad7a6816789b73012965189dfe413c8ee63
1101,57937,787663,1337268600.0,f3c5ac608fdf963338dbed6cbab661e18382393b
1101,57937,787663,1337268600.0,10488dc2db1906d0f4a8bc22e7a2d649788de808
1101,57937,787663,1337268600.0,c01a0823a730d199e0ca679c47611ac0fcf0a250
1101,57937,787663,1337268600.0,e7c5507e120905af2b89cee0ad02099322fcc43c
1101,57937,787663,1337268600.0,5a8e927b9b244fc7495a324f0de1b05e477110d8
1101,57937,787663,1337268600.0,d0e7fa7c09425df5a02844a8a8f43f1ada72f284
1101,57937,787663,1337268600.0,d8cf5b2a1cb2598d8d6302e885d1da2d2932fa50
1101,57937,787663,1337268600.0,380296c3c6158636c8546d4a607d4f9f0fb19591
1101,57937,787663,1337268600.0,6e74e19581981d13832bc3885710dcc50db68e92
1101,57937,787663,1337268600.0,d751e6e6d43f126462afa58c5d8fb1ab42ec68b7
1101,57937,787663,1337268600.0,84b28c9a2de2f4d2ca536fb1b32c2777854f6d2b
1101,57937,787663,1337268600.0,a3ac12576d852d2c960df6784f365665251d89bc
1101,57937,787663,1337268600.0,06817843ea49db95a77713b648717746f417c479
1101,57937,787663,1337268600.0,d1db0fc0a19a6cb9f3675d9ebf5290d7cdff6584
1101,57937,787663,1337268600.0,e59fc73ee78e1ba458d28d5840d54ab5a5040ad7
1101,57937,787663,1337268600.0,1682c2330fdf9e29227794fd413ddb7c8ba8f1f2
1101,57937,787663,1337268600.0,4fc11de35e523fab6eefc9e6fded2df5b3c54c01
1101,57937,787663,1337268600.0,f29f8aefd8dbc1b3d7f029c37c74f6e71e708a13
1101,57937,787663,1337268600.0,3a9ba96bdda1cd79f3c6361c3d13bb5aa6c57e61
1101,57937,787663,1337268600.0,3645a8fa81ba2fe921e27021cdd9f266db09c769
1101,57937,787663,1337268600.0,43b7e5ed2b4278e20a324f8ceca0d723fa0f0584
1101,57937,787663,1337268600.0,fd7238f664045e364162528090ef8977be10f936
1101,57937,787663,1337268600.0,0d8c07eb205a313527d59fc91e3df478447dda71
1101,57937,787663,1337268600.0,65816d9a3dc7820c315c1c5dc7ffe2d1573a725f
1101,57937,787663,1337268600.0,3f86df2354c6826b2896068835bacc7ee7dbc238
1101,57937,787663,1337268600.0,014fc2e3319646ef34ce63022a0387bcc0caaba3
1101,57937,787663,1337268600.0,e7733beb9de851b067711f6d02d72967853139bf
1101,57937,787663,1337268600.0,1a185a1efafb8c70645c98ded35ac94df709484b
1101,57937,787663,1337268600.0,55723917f9b4910a3058719b812f8219b117477e
1101,57937,787663,1337268600.0,eca52a27b20eb426755741d8e1c8e88e4cbf528a
1101,57937,787663,1337268600.0,57c71baa6b34f2179753f693e331d25602782582
1101,57937,787663,1337268600.0,7d4715bfea07d9f2aace56e4a3b9837fa631c5d8
1101,57937,787663,1337268600.0,1540b60dc1a1a795c5394e0efc8e1f92d61dd7c6
1101,57937,787663,1337268600.0,e336d9905ce88643ca0f94441dff627ccb3159f3
1101,57937,787663,1337268600.0,87ad99264c4f30a2c8fd533b7dfb448455e5a75d
1101,57937,787663,1337268600.0,7352f828090a9ea766d40ba10dc04810b0705438
1101,149531,3022194,1337269560.0,d8779db3ecf206b98cd4e481ba8292654cd4e3fa
1101,149531,3022194,1337269560.0,f07955b0241559d1cc55c96cccaf9e60cae37017
1101,149531,3022194,1337269560.0,eb2d290dbf8694906c6e1701aef5c96b265f87b7
1101,149531,3022194,1337269560.0,b018a64da58d224779104d3016388c4d5a95d293
1101,149531,3022194,1337269560.0,b05dbb6863467328638e9ed1247bab7622d2c4ff
1101,149531,3022194,1337269560.0,7f51207e879cd87090067344b9bae1c9910f45a5
1101,149531,3022194,1337269560.0,1468c5be7103ac09945adef90f3a424e4a1e8a28
1101,149531,3022194,1337269560.0,3ef2710b5686c0ff9b6f68788dfdf1b7e79b27ef
1101,149531,3022194,1337269560.0,3e28d57e6a85b9d197200802dbbcd8298a27093f
1101,149531,3022194,1337269560.0,9bc44bc9b6e0457801cc8ee7b5b7a6cc8ee18d39
1101,149531,3022194,1337269560.0,6cbe97a69b1d36fe8b9f9146d3083abcca27537f
1101,149531,3022194,1337269560.0,90f20fd2441a5490d6e32c076e54218b23aaecc0
1101,149531,3022194,1337269560.0,d58b1c7b58b2e81e306a42d83eae3d979b017d22
1101,149531,3022194,1337269560.0,9c9000bf4ed135559c79266ecf8558fb86ab1139
1101,149531,3022194,1337269560.0,e777df3eb1395590eafceef5195539739379b151
1101,149531,3022194,1337269560.0,d769461193a3ca43ab673c9d6d6408a081e018ce
1101,149531,3022194,1337269560.0,621459049fcb5e7f02b8fab623ea826c78987026
1101,149531,3022194,1337269560.0,065995fe579eebb825f69ce3c0e69c6c8a19ea08
1101,149531,3022194,1337269560.0,6f70d1303869518043b91bc7c4c878bcdb3c6347
1101,149531,3022194,1337269560.0,1d6ae492c87ee3eab5444e78f58cb8ba07bed602
1101,149531,3022194,1337269560.0,4da6534d2671f787bcf3d35fd3610523d430719e
1101,149531,3022194,1337269560.0,cfcdbdaf8f864d46f865231a0ab4288888341ac1
1101,149531,3022194,1337269560.0,9fb5a0598ee72543e3fa0f491537a696adbfc014
1101,149531,3022194,1337269560.0,3d225eb0f6070fb3e436eea7a47bd5b22651ec01
1101,149531,3022194,1337269560.0,4c28d81768b5ba9737f0b09bbf39b08c1673fc29
1101,149531,3022194,1337269560.0,454ad24752e79f8e68566afea5f003e31c928503
1101,149531,3022194,1337269560.0,c6efc4c6eb97f7055511509ffa97cbf6572ccf86
1101,149531,3022194,1337269560.0,d465a138638d13b4bb7defa57097c2a620e25009
1101,149531,3022194,1337269560.0,102e6f017f98bc01ea233f2c94d43ab68481217b
1101,149531,3022194,1337269560.0,00a2e774d2958030c6b574a5bd01a80d8f9315b5
1101,149531,3022194,1337269560.0,a2f2b5bdf2f882ef6963a2cab6f882e37ed85113
1101,149531,3022194,1337269560.0,d1162056e127e7226a88b89d1b50b4b5b8be982e
1101,149531,3022194,1337269560.0,0377163d9b2e1b26262faebb890d3268b34dcab4
1101,149531,3022194,1337269560.0,6973ce124207afa3515a281bab6446b98b439291
1101,149531,3022194,1337269560.0,bd074c5a6b9b87ec3878ba2041d050c45d56f59c
1101,149531,3022194,1337269560.0,4f52bdbd2158c45c13dee702a2aaca29ead483d9
1101,149531,3022194,1337269560.0,67d75ba8fbdbdde42705ba86902fe10325401100
1101,149531,3022194,1337269560.0,f79dfe8214699ec8ea57f589d3b13115e7ab78c3
1101,149531,3022194,1337269560.0,fb996387e72e2f79e177b189721e2dd8982f8e25
1101,149531,3022194,1337269560.0,55ca63a086b67a15871441997b12075627ba4112
1101,149531,3022194,1337269560.0,078d6345bf77b413f4721a132dc1d13c0ac07932
1101,149531,3022194,1337269560.0,6a5a2089741520fcc7437598acf1f446d9c3f1a7
1101,149531,3022194,1337269560.0,1a7a69eb6795ca67799badcddc28b1e7a7361cd9
1101,149531,3022194,1337269560.0,d106018a516a1f5d9f9cefb4443abf40aa2279c1
1101,149531,3022194,1337269560.0,16b8ce4dce4f8d0c69d6d2b55705795eee0a827b
1101,149531,3022194,1337269560.0,bad711d8fb1c37632a4bb470305730a8fb0c8a75
1101,149531,3022194,1337269560.0,046016d96444ac5ffda0609482127d40b426cbaf
1101,149531,3022194,1337269560.0,fbe1bc0f89e793cc03c253cce0c19b6dbaaf6426
1101,149531,3022194,1337269560.0,0b64b20ea7dfc09341bcc4c5151bc9e0a3ca0eb3
1101,149531,3022194,1337269560.0,7fff17dc11141371c4cdec5a668ba86e93da92e7
1101,149531,3022194,1337269560.0,81ceb4256468ac4da475796217eaf0ef4acb0078
1101,149531,3022194,1337269560.0,15431b881118fb2086376d56d4ba37f509c3e636
1101,149531,3022194,1337269560.0,f1c7eef3453e29d3c42420c42512033d5bb7c087
1101,149531,3022194,1337269560.0,f0ebfcae5cc34969aae213efa72506ff18771567
1101,149531,3022194,1337269560.0,f3f31d969f59e76be6ba6125f102a5088693af10
1101,149531,3022194,1337269560.0,3ad27de90f9d63c7ccee142141f0dd702e532eac
1101,149531,3022194,1337269560.0,f1108884ee87b62b9abb73693a1263505e410155
1101,149531,3022194,1337269560.0,8a6d7dff3dc0bdd05c3c2a458458e871f6c2b5be
1101,149531,3022194,1337269560.0,32017c76771ac4de6a2a3928267b07f91a6be1ad
1101,149531,3022194,1337269560.0,1bce2605dd34587d0c060d862b83a3c24fc2b981
1101,149531,3022194,1337269560.0,3ad75ceb3391b52b98173c0f477ae27019c7a604
1101,149531,3022194,1337269560.0,88772480d3fba2b6fda8d200beb531711adae037
1101,149531,3022194,1337269560.0,21ba05501939286f26b819a0db990a88ddb1ee31
1101,149531,3022194,1337269560.0,35820fb27298ac75816eacf1c85d5d06b8cd5f11
1101,149531,3022194,1337269560.0,0790d98bc7a0d07749bb00cbca400a88b71605fd
1101,149531,3022194,1337269560.0,7e646e6438c6789b4341d18844f2195c0ff4a752
1101,149531,3022194,1337269560.0,087a3b0beafb36261bafa04158ad0fd8f17c595d
1101,149531,3022194,1337269560.0,ec88fa7b70f07ab9943941aa2dc304398a5e55a0
1101,149531,3022194,1337269560.0,74a976101130f4fa1a2774babfe0c8f479b98334
1101,149531,3022194,1337269560.0,a306f5814e7bf8bf2c6e03ae2bff7484aa532f5d
1101,149531,3022194,1337269560.0,dffb37fd502d4694fc81992118d1432d8b67103f
1101,149531,3022194,1337269560.0,49c09281a884ec41000933ca0b76c793628005e5
1101,149531,3022194,1337269560.0,6540e8ddabd8c4665f16809d5c5f73e7e8a8145b
1101,149531,3022194,1337269560.0,4a300828b66ac21616a005e4ca8a484d0d7a740d
1101,149531,3022194,1337269560.0,3ba51d8ab1d9ec9d37cdfd7ed8284ffa3c897310
1101,149531,3022194,1337269560.0,18d180433cb8496f7e39a3189d98ffb2db119a95
1101,149531,3022194,1337269560.0,738219f209863d2235f970c0746cbcd6e90fc92a
1101,149531,3022194,1337269560.0,c0ec3a852ff22d9d5a0efd72063106cfc7289b46
1101,149531,3022194,1337269560.0,2896c6f37455035b50b15205051a248151b1dbbb
1101,149531,3022194,1337269560.0,413b86227b29ae8073466b0ecc8759703635d3f7
1101,149531,3022194,1337269560.0,7f707ef022a92dcab025a87143d64fcf4579e6f8
1101,149531,3022194,1337269560.0,3c571e7185445903fede71b5c26e7c359305accb
1101,149531,3022194,1337269560.0,dd82cb51de5d5e5a1bd52f283ad8ef37d4ee508e
1101,149531,3022194,1337269560.0,0ccc698212c12eaa8291652759f56b17d55c9d4f
1101,149531,3022194,1337269560.0,c3213e662ded04cd0d02e3f7157a1ed5c59ac7d6
1101,149531,3022194,1337269560.0,fe52e5e9037a72eea5ec2132ead9e1e8b5bdc4c5
1101,149531,3022194,1337269560.0,a2e48af453b8a5b7eab8c369b54cfe26782445de
1101,149531,3022194,1337269560.0,0d34990ee44818d3d5f264ae170cea132047fb40
1101,149531,3022194,1337269560.0,71873985637660cd9c7356a277ca520e452a965c
1101,149531,3022194,1337269560.0,9b7f29b1826fc2c8bc1e75d5854f978c1d140619
1101,149531,3022194,1337269560.0,f9c4ebb41bbd5434ce000aa4277a5f626fa90e28
1101,149531,3022194,1337269560.0,b3a0e43b920bce4c8e86be171fcc697a1b860e7f
1101,149531,3022194,1337269560.0,e0d4ba5a3c33d9a30c219de5fcd5053775c8e164
1101,149531,3022194,1337269560.0,220c1a5da32bc435e80e8a6efc5118fe8d62eedf
1101,149531,3022194,1337269560.0,570b37b5131a9fb98cc8d3e139d490023edd66bc
1101,149531,3022194,1337269560.0,b6d5581909f30f4938010dae77f354797b3007e6
1101,149531,3022194,1337269560.0,686ea0ea0614204f80624c548e2e02bbcb5e83af
1101,149531,3022194,1337269560.0,578216c66443c791cab8c73573d47c173b4aaa24
1101,149531,3022194,1337269560.0,b0a9540c704b3c3a43b81c90da8975e6a99f08ad
1101,149531,3022194,1337269560.0,b85e3ef6d2962242bfde7b42f6b3ab0fcfe39018
1101,149531,3022194,1337269560.0,075595fb41f2e0a562e4739821e58ba87e8de8c0
1101,149531,3022194,1337269560.0,65e6dc2aeca983d7adb0c7e4c4f64ee70094cd16
1101,149531,3022194,1337269560.0,27c4d276da4a62b70bfb51c5591688a34731655e
1101,149531,3022194,1337269560.0,0842527012f3b33ceaefafa5d0bbde61a8071b4e
1101,149531,3022194,1337269560.0,085b25d22558d3e118de09cfa22cdcec01e445eb
1101,149531,3022194,1337269560.0,a30415799ffbda1731a4effe4ce23739f5e98bd9
1101,149531,3022194,1337269560.0,1a72b4d44d9f9b7f4415b4a0d23eb1ab30db6ae6
1101,149531,3022194,1337269560.0,1be6722ea51cb00c7159866178eb67b8b3ba2eb6
1101,149531,3022194,1337269560.0,8181a59a6730ede905e5cd6a8813f8556c3446e8
1101,149531,3022194,1337269560.0,ded338361534b17973ac7b3c5436d2835a1a67e1
1101,149531,3022194,1337269560.0,03dc7a589065b3be895e4fcbb1d27d7924c317e9
1101,149531,3022194,1337269560.0,e360292becee96c642fdd9c4b3c978b051f83987
1101,149531,3022194,1337269560.0,34dd1e392d8f9be3a6228c83691719e298a0851c
1101,149531,3022194,1337269560.0,3d783c86443e372237b9fdf0873f20c2d4b1afec
1101,149531,3022194,1337269560.0,d192e7ac8220caac95d371f7e6975179266d8fd4
1101,149531,3022194,1337269560.0,d84d69c1a10a758c64ec52733e77d87c7d72eda1
1101,149531,3022194,1337269560.0,3972ca2ae1d283df49d5a62f71926cc983b4169a
1101,149531,3022194,1337269560.0,eba69c69682f562f964c1e52aabf70e516e9344f
1101,149531,3022194,1337269560.0,f3cdcc7c1b5ae2b9d32284347ef5e17fc9ba1f7f
1101,149531,3022194,1337269560.0,293b86671c51d73dc9b123070c6d64956935bad4
1101,149531,3022194,1337269560.0,0ce987b1d3bc8784cdfbee74520d4133ea9c0b7e
1101,57937,3022266,1337272860.0,fef589e6b2bdc20916d3e86575426a288fda6da9
1101,57937,3022266,1337272860.0,b4a323d492bc1437886359221be35c6f656421ca
1101,57937,3022266,1337272860.0,8dbaa744a22c4444e9f05864cb45eaa0bd155dd1
1101,57937,3022266,1337272860.0,541187b997f6b1e91ec017fe121d5c8e66283473
1101,57937,3022266,1337272860.0,190b5ee5db70b9f49159f203acb647047f155da0
1101,57937,3022266,1337272860.0,da031d0542f3ef8ed1cd10027aaa1f6721cfacb2
1101,57937,3022266,1337272860.0,b442afff941ba1dc296f6f62762df32cce643079
1101,57937,3022266,1337272860.0,3b559829c3a665eeabcd2e06724424de34838eaf
1101,57937,3022266,1337272860.0,ab5c8f9d0a592d529f24e7db3abade0d129f7478
1101,57937,3022266,1337272860.0,80a41ac6acc9d2d588ec873e4cbc9892d68d2dd2
1101,57937,3022266,1337272860.0,97dafc6652b85cf14d67e6823c278678e37ad975
1101,57937,3022266,1337272860.0,93a37ff5028b41dda7435458bd76249f6ccab779
1101,57937,3022266,1337272860.0,3bd78d67fcb7c0d45d5281a3fd71e2a688d2cd96
1101,57937,3022266,1337272860.0,f2d1a6dc42f3755d3fea3c3b955b35fcbeb77c1c
1101,57937,3022266,1337272860.0,5bff35d44b690db7cf733dbed149f0bb40ef60e3
1101,57937,3022266,1337272860.0,ab9688fbe58d4633061ae813eb5df6a79651fafd
1101,57937,3022266,1337272860.0,c933df5bbe561c48af7b21f8e9ab9e477a83641d
1101,57937,3022266,1337272860.0,b1051b0245bdf8f699fa6e7896624d235dea53f9
1101,57937,3022266,1337272860.0,ecf90dbd40246abdfea270a50875771f6004c5d3
1101,57937,3022266,1337272860.0,3b614d6285b0ea09cfa51cf06d247a219012c627
1101,57937,3022266,1337272860.0,d6a2ca704de41274131f5c14a5049f673c6068a5
1101,57937,3022266,1337272860.0,5933ed2a701e31c6d956990b24ec392d1a9e5064
1101,57937,3022266,1337272860.0,b288416f75b562d4a5a756e7171b4fdf06ce1acb
1101,57937,3022266,1337272860.0,3bbd7bf3041119657ff8d6301163ff69c8d4fcdc
1101,57937,3022266,1337272860.0,1af3b6c053bf85ef95c90e985a13322ac7252861
1101,57937,3022266,1337272860.0,5711877e867322526eb92778bcf05f1f67ee988a
1101,57937,3022266,1337272860.0,ac09d254dca5a008b345e51b4cdbed614426a47a
1101,57937,3022266,1337272860.0,903e276f862801acf406f84bb58d331f9d00b5ff
1101,57937,3022266,1337272860.0,230eaf06342b5508ef9614de51e9cd3610fd966c
1101,57937,3022266,1337272860.0,e187fb0d10b6769e736bab439f7a1746f88bf2f6
1101,57937,3022266,1337272860.0,9948cd98b9df2572af3888a323c66b737505bb9a
1101,57937,3022266,1337272860.0,948a694dd068df4870311c6473c66894800ad199
1101,57937,3022266,1337272860.0,d8a4bc1e7118169770afd424cafed02919ab4d40
1101,57937,3022266,1337272860.0,a6de8f789c98e92e84313f25d81d88092787706a
1101,57937,3022266,1337272860.0,1a3478e8971f00cccfdf3bbebd915ce10c65605d
1101,57937,3022266,1337272860.0,fa6c78d764d4f17d7c25ce32ec09f882874f6219
1101,57937,3022266,1337272860.0,afb9c250ee40993faaebd010da6fb3577854317c
1101,57937,3022266,1337272860.0,5bb3fcfa7d4bc4a7ef93b1fe6363988b4ccba755
1101,57937,3022266,1337272860.0,bfa3441001b04325b18606d5d0b9765b7b963bf7
1101,57937,3022266,1337272860.0,cab052b9f7c409c426fa52a323a76dc5f3daeaf2
1101,57937,3022266,1337272860.0,c22ab9def78b7c66050981a906db1e3f4830f72c
1101,57937,3022266,1337272860.0,22609af9f4a3e588c1d88b5ced7aa5e25d68d63a
1101,57937,3022266,1337272860.0,e2f07cb1c08441bc977985ac1be1293beacf3bbd
1101,57937,3022266,1337272860.0,ddfb7f82a0839a686d22d67fb3088d69e4ae262d
1101,57937,3022266,1337272860.0,fdafd653943edaa552f9ba6b59c06edd7a3d7cd4
1101,57937,3022266,1337272860.0,66844194032c07d216eac5c028a443c269a5eb63
1101,57937,3022266,1337272860.0,4946f74089354f115018637058945b97e0f4cb38
1101,129052,3022290,1337274180.0,0b31ee025afccd3e2207de6e0ea078ae18ae4861
1101,129052,3022290,1337274180.0,3514837bb90af8eba25570a2842386dd14c81040
1101,129052,3022290,1337274180.0,d8c9883f0a3765e24f7c901258ca435a338d9100
1101,129052,3022290,1337274180.0,9b9af5dd163f4b3253f6a3e2624814e9c3217bb6
1101,129052,3022290,1337274180.0,3d826ea0a532635237447ac2656ddce5ec01cec6
1101,129052,3022290,1337274180.0,f88fe1c9c7274625cb44604ebd010410d0badf17
1101,129052,3022290,1337274180.0,889a5045296e6e9732b8e0e326b4702c10fe2b98
1101,129052,3022290,1337274180.0,0af89244a289bc55c63747e2859081aba90cfa72
1101,129052,3022290,1337274180.0,7b366e733cfa6bb7d771c0053c793df9679be92d
1101,129052,3022290,1337274180.0,f12b6b1ee25f0f2e96603a963bb33e24e07db445
1101,129052,3022290,1337274180.0,9391f7617a5f2ca56dc2026e9186ed5534c5aaa7
1101,129052,3022290,1337274180.0,ec982d37377cfa8361f5972214c7123712fbd9a0
1101,129052,3022290,1337274180.0,5b493d8ac7ef1bafbbe57f73a6e6e3c132aa6b8e
1101,129052,3022290,1337274180.0,6c3fb13c2f1670435a05731077a50fdae10eb725
1101,129052,3022290,1337274180.0,c4f5eb7a6685159023462edf0f887ff8d0a96944
1101,129052,3022290,1337274180.0,dc97d04f9e177f8dc7b2ea6a2ea139dfa09bdf38
1101,129052,3022290,1337274180.0,e79a52ec5316553a2f5901b7e7df93a5ab679cde
1101,129052,3022290,1337274180.0,b35426137c2032ea4d9840967234a21245731dba
1101,129052,3022290,1337274180.0,977435f89157b999b079175469ba984e9360bab3
1101,129052,3022290,1337274180.0,e2f25846719e5bcc4e8614df831f73f90762ed29
1101,129052,3022290,1337274180.0,3e30dab908e8f53d3b16131f77c3041511a7bb6c
1101,129052,3022290,1337274180.0,fc98e6fa1593b17f9fbe92a73e1a571d1cfb345f
1101,129052,3022290,1337274180.0,689944ccf94b40b921bd841f98a53ee543ffd0fc
1101,129052,3022290,1337274180.0,c1388a10c7e9ec70485dbe09ebccce94c24c2a24
1101,129052,3022290,1337274180.0,1815199606ec08d00ac07e7c6ad79732efbb61d2
1101,129052,3022290,1337274180.0,e3ee05db71633b5c927ebd4e6cdda12d47daa680
1101,129052,3022290,1337274180.0,37aa8ff4a4b17b38fa9905db93bed255894bcf1b
1101,129052,3022290,1337274180.0,3cb48454d0d72f27e1ab437ded1831d19102b206
1101,129052,3022290,1337274180.0,91dc8663c995713d5f44196ce953dee75cbaad1a
1101,129052,3022290,1337274180.0,2058872fb98de18eb11fbb275a92557c38a4544f
1101,129052,3022290,1337274180.0,904a4154eeb2f3cd8cd95175cacc08660788cb39
1101,129052,3022290,1337274180.0,3aae0c535e10f2ac123aa399fa57944ecbc187f9
1101,129052,3022290,1337274180.0,d201bd25dcfcecea3fd4a9c067d9631e075bf480
1101,129052,3022290,1337274180.0,35fd73214d9f7e503bf81a70568123c97d3424c2
1101,129052,3022290,1337274180.0,04682419af27c091d2f5c51e6fa1ba7550c7820c
1101,129052,3022290,1337274180.0,93ef8d25996b09086a72ba2990811fdd80792d50
1101,129052,3022290,1337274180.0,71b2377fc3739226d59eb58c9c8c7965d8b6f045
1101,129052,3022290,1337274180.0,b025400848e2eacdc5209dd0818a1165109febf2
1101,129052,3022290,1337274180.0,a5b46a8d5484b0889754d3464d9e30e4dc473656
1101,129052,3022290,1337274180.0,a4ad33d590beff1859f0debcce34e6ecdabc936b
1101,129052,3022290,1337274180.0,44435f33fc9e59327b8e3b0323f1b0ac04a604f9
1101,129052,3022290,1337274180.0,46fe6ef333acdf9507cac952bca46aefc4cfe79f
1101,129052,3022290,1337274180.0,f8c7846456fc391123372b4fea08b80e9da05ac0
1101,129052,3022290,1337274180.0,eee30f80656fb972ccf977111b4e88a4a104728b
1101,129052,3022290,1337274180.0,f93a1d472a09b95a2af72e920162160be8b4ca08
1101,129052,3022290,1337274180.0,d4657533e28026e47067e9298ca102330d4ae8b4
1101,129052,3022290,1337274180.0,a79339516a68d61548e67c2bf450fc67f3e88476
1101,129052,3022290,1337274180.0,dba49e0948d2a594b2765532828d509d06226bbf
1101,129052,3022290,1337274180.0,0d3525ff3063ec1d8481bcfbae78a32c7832bbb3
1101,129052,3022290,1337274180.0,f8880ba17a687a4b0aee8ce55a714b7bc01fdc54
1101,129052,3022290,1337274180.0,f6deb0984bd5425194913755b4956db7141088e0
1101,129052,3022290,1337274180.0,d41bbd011011a5b5b6b4c3085740335a0c975d79
1101,129052,3022290,1337274180.0,4ce63387da04c9168563700b3a41c5ff1fdd6513
1101,129052,3022290,1337274180.0,9db35069ef142ffd825253974081f7bd9277fe53
1101,129052,3022290,1337274180.0,4dbdae73ef8a5b68420805b2d6af170f4aa30161
1101,129052,3022290,1337274180.0,293939ff87935a12eb8dcf8221a582e97baf9b8e
1101,129052,3022290,1337274180.0,031a4e4ee3097a154d777b741fa489666a9365af
1101,129052,3022290,1337274180.0,2b8bdf0c3311b753f9943c5b203e60985853bc1f
1101,129052,3022290,1337274180.0,40fa333391bd4a41d3c26ccfccb02283efd566fb
1101,129052,3022290,1337274180.0,8552bed0c405342e1764d3bb8373c21c9098348b
1101,129052,3022290,1337274180.0,704ad171f28ea69396fe1da255c0d84c6d914251
1101,129052,3022290,1337274180.0,23e4a5e25953766ea87d15280fa014fd0617a906
1101,129052,3022290,1337274180.0,c9df7775f9f43ee79b2a115bbc6db4985945089a
1101,129052,3022290,1337274180.0,0f933cbe42da7766ac1deacb45b90b538d44ee7d
1101,129052,3022290,1337274180.0,c5d9a3e885b650ac31f1f6a34d4c80b41e908643
1101,129052,3022290,1337274180.0,d1204be13b9c3b7d229f719ee8f0e6c237a39218
1101,129052,3022290,1337274180.0,cf5e6e2344c38bb7620fb279e60f430b288946df
1101,129052,3022290,1337274180.0,9ad58d4a0324bcf0121fe9b5d2101447066f5af5
1101,129052,3022290,1337274180.0,04a664e2546db8c16ba03cf29bd2e18e28459410
1101,129052,3022290,1337274180.0,de1b66b3550c57855763d33408f3891e31e16ee8
1101,129052,3022290,1337274180.0,7eebedb7bf4b805dd557a953b7f7ab987c7ba352
1101,129052,3022290,1337274180.0,ed9197a20d74bfe5ab7cf4d8453e3198343c6390
1101,129052,3022290,1337274180.0,758252e57781d5f527fddee283d65e1444bfe4dc
1101,129052,3022290,1337274180.0,ece0f900a796b152d1768b4c6ae297bdb3af8cf2
1101,129052,3022290,1337274180.0,39ce85971bdc99b375cd0a9865d2910e8ad6c409
1101,129052,3022290,1337274180.0,6109ec226594b788c6959d24b6126cce75ff530f
1101,129052,3022290,1337274180.0,b44fdb3f912e470f4c340474d4de019675701042
1101,129052,3022290,1337274180.0,85a607236d637276c447be612fb63dbf631681f0
1101,129052,3022290,1337274180.0,847495016354c84e7a05576a28fe5c65e90310fc
1101,129052,3022290,1337274180.0,58703e1e5f32ca844461d5c5374f32e72f1c64c1
1101,129052,3022290,1337274180.0,05147bd3c7ce4c5f39a60e11dc47bb120b9193a5
1101,129052,3022290,1337274180.0,21f91ab212bbfb548b0881da43b73728f55fa553
1101,129052,3022290,1337274180.0,6ef55e6b95085cbd8d73f0d4ac47af7501bb4f7c
1101,129052,3022290,1337274180.0,69f2fbd7dff0f0d590c0f4687b7ec637d7b46ff8
1101,129052,3022290,1337274180.0,74eb44718298f3491a6439fce6d2a6c7820a9e3b
1101,129052,3022290,1337274180.0,cada50ed7f678d48b56f456841bc022f48d9b0b1
1101,129052,3022290,1337274180.0,15c172d8b0bf69df5ea42ad8818456a9eb2d3a4d
1101,129052,3022290,1337274180.0,c11d8228aa5470ae0b7505c26d0f48912239215e
1101,129052,3022290,1337274180.0,ae98c3aa5b2b6a3212d8d80523aa05f36d845b64
1101,129052,3022290,1337274180.0,b0e356816b6b1e9198ed156bf863e270a31855df
1101,129052,3022290,1337274180.0,31939edc2990ea192e026fd1cab02b54153a0c1d
1101,129052,3022290,1337274180.0,807c8931479ac70ac83b5d91e49643858c0cdc72
1101,129052,3022290,1337274180.0,c4ac235058b7226c56ad2dc3183aa34eb8f110b2
1101,129052,3022290,1337274180.0,41394962839c093fc0e787163a9ebbb0bca50655
1101,129052,3022290,1337274180.0,f50a080653d4486eabafaa8081ba3a5b44e8bce6
1101,129052,3022290,1337274180.0,0bc5daf2ad0cc4cae3b72e97c7ff86bc2769132f
1101,129052,3022290,1337274180.0,b0a6228a875a613abe7617241bce548fb6d9afd7
1101,129052,3022290,1337274180.0,58c960e012e5857f58a2ba19da328c44e02b9529
1101,129052,3022290,1337274180.0,72f999be3b38e9dfe41fde9adcf3191e63977836
1101,129052,3022290,1337274180.0,403de70d6fe49b91378a6a38fed7fc0f65ecf698
1101,129052,3022290,1337274180.0,6a03202935b6937df188f5eaf4d5da64c7cf5efd
1101,129052,3022290,1337274180.0,f58ec0bfc9652cd3cce1ff97c2f457862861fef0
1101,129052,3022290,1337274180.0,ff9645fb562ff442d5c13eed3c3cebd0bfe80f4b
1101,129052,3022290,1337274180.0,347b93c404df427d7908f27910834ff70cb62cb5
1101,129052,3022290,1337274180.0,d8e656286cd533e1525dd0c99db21cf150c84d91
1101,129052,3022290,1337274180.0,cae70831a549d82e19bc129a032e814b1f4529f8
1101,129052,3022290,1337274180.0,b3c1ee3f5d199e6d946a4eb62c1a7dde3d5cf8eb
1101,129052,3022290,1337274180.0,bb0ad9399eed0e08d1f0b2fc8d24cacb30f9eda5
1101,129052,3022290,1337274180.0,395feb84c61936913acf76f1d4c9fdfdf0b9afd8
1101,129052,3022290,1337274180.0,d3ca0502e3964c7d21948e1e597a636a448c1d85
1101,129052,3022290,1337274180.0,9cdde65920f608c1fcd00bd2ce44ea2db7cea535
1101,129052,3022290,1337274180.0,c3fd3c696e60f0af8961771f53e0c124dbf81863
1101,129052,3022290,1337274180.0,d241ce00985eb4982224da2cdc189d0ffb9c3499
1101,129052,3022290,1337274180.0,18e8e5aa6bd5eec1708a4919cd1d238c4aef941a
1101,129052,3022290,1337274180.0,8870fdf77aa1517f7f2a9b61c40c681473fb5a7a
1101,129052,3022290,1337274180.0,c0685b7d12ffe31140829a18179ae15e1a1e2ac1
1101,129052,3022290,1337274180.0,f99c363861a898220249de72c6e8afaec2c17488
1101,129052,3022290,1337274180.0,8a932f914e08448f21bd3807e0ff27b6462d5f9f
1101,129052,3022290,1337274180.0,231c5b3c98362933cc4f2ac792332d7e593e542c
1101,129052,3022290,1337274180.0,6f7160831c5416d583d7a71432cc5253fe6e95f9
1101,129052,3022290,1337274180.0,8cdc7ecce24975c9b83d003a55e3e18211e29347
1101,129052,3022290,1337274180.0,4b89b4f9d79804a46faeaac46bc8b6e5cae7a116
1101,129052,3022290,1337274180.0,164812e4dda81ea7d1f642b5bc5b6fdf02b2db2f
1101,129052,3022290,1337274180.0,0b2e9b1f0c34781cea43d648f482e60cfd20e342
1101,129052,3022290,1337274180.0,b5ce5586ef073a5a7618dafbd574b4f67a7988f2
1101,129052,3022290,1337274180.0,7e9071660253efb1a2040be38787c11e438e4a6f
1101,129052,3022290,1337274180.0,f6743ebeda003d365fff1c8eb8fe45b0660cbda7
1101,129052,3022290,1337274180.0,373c7b826f4e5199e36229c5ca1050386e0ca5ea
1101,129052,3022290,1337274180.0,f5cb223fa205563c850b9da0db0bd823f71da5a3
1101,129052,3022290,1337274180.0,e09e9e8e1cbd339ad818d387b5521b1d9161b4e2
1101,129052,3022290,1337274180.0,af38b6389607101434735f823671a5bc845acac1
1101,129052,3022290,1337274180.0,9f1c974164692620f734719d7513cdf036a8bba0
1101,129052,3022290,1337274180.0,c5a476462413a68ee08ecb7d88c224cffc251444
1101,129052,3022290,1337274180.0,f555974190df3a94f09177c5c7fceca4b9a4713a
1101,129052,3022290,1337274180.0,238ee495407796b3210ffc6b8486fe32d5d02125
1101,129052,3022290,1337274180.0,95dd12d15d05ec1b895874b3917aaa016832f392
1101,129052,3022290,1337274180.0,96d4554e2b641dfef6614f18517ad0a6bcc833e8
1101,129052,3022290,1337274180.0,6913ca79e54b9e76ec6cc06f37b0c9711e892470
1101,129052,3022290,1337274180.0,2cd63d991654a6f5b9a89c13fb542716d268491e
1101,129052,3022290,1337274180.0,fe8ef62f7960e17f896ffb6d98a77291e131bad0
1101,129052,3022290,1337274180.0,5ebc07f07889332629180fd0b4e5e176ad1a0660
1101,129052,3022290,1337274180.0,51dcf70595697a0e301b26207f3a1ebf37b2933c
1101,129052,3022290,1337274180.0,2fea7765f9128f21ee88c838818c3ba20b07b430
1101,129052,3022290,1337274180.0,c3e864e2d765e3f4a5858e11001770e2b23d8a4d
1101,129052,3022290,1337274180.0,ae8573e972198466e336c26e570e52983095ac34
1101,129052,3022290,1337274180.0,fca99f848f4b66fc715a99526b3f6dec4b5bcc1c
1101,129052,3022290,1337274180.0,c029efabdb6d670f18f80d28e74eab0c5a351782
1101,129052,3022290,1337274180.0,6fc033be5d5463c69c776ed254ca1ae7958fc8fe
1101,129052,3022290,1337274180.0,06f5f588e0acdb381a53e1f72a10e751c001a38d
1101,129052,3022290,1337274180.0,f937895aab9f14bbe79d1b300810027218ceb4ab
1101,129052,3022290,1337274180.0,60bb6f942fb14b6d1900311a08f4cb0df5354ea5
1101,129052,3022290,1337274180.0,264f7b54fb6131ed049c3901d5a5875b10426253
1101,129052,3022290,1337274180.0,0b0b644e80d47d81250b80fc5f4c024d0eb48e3e
1101,129052,3022290,1337274180.0,547912f92e0c6f9c439f13751d40c28f8213d3d3
1101,129052,3022290,1337274180.0,eadc46436b789a07ab1c6635cf4ec42b24f94937
1101,129052,3022290,1337274180.0,d95beb15c2fb07b1f52961a1d74b2cc5568b04e2
1101,129052,3022290,1337274180.0,53bc1093508d6b449cd9d114765b02b2a6f1394d
1101,129052,3022290,1337274180.0,b4a333b7572f7081ca32ccd65cb28c104b855d54
1101,129052,3022290,1337274180.0,32da2a599e4825e4b8e5e1f2fc2442df1937bc69
1101,129052,3022290,1337274180.0,68088633c63ddc33d862d2f614e652386e33f5c1
1101,129052,3022290,1337274180.0,ff182ff816575a2cc9e18a227d03986f2d41e800
1101,129052,3022290,1337274180.0,b3c1793475789e91330cf70c0b474966200d7074
1101,129052,3022290,1337274180.0,0db79c0dc71b684cb82d2a4878e700f9543616c3
1101,129052,3022290,1337274180.0,2a79771a995213c89bb3865938607b4f5c39acd5
1101,129052,3022290,1337274180.0,786fd2410e6226d8ce0b3275c5a30c34a55ea269
1101,129052,3022290,1337274180.0,30885b05323788fbd2ca0eb6da012af53028b374
1101,129052,3022290,1337274180.0,d15c9876a99ca1da0bb1b5d8f1e348a07e71b97c
1101,129052,3022290,1337274180.0,da075ad24d51f0494d30a2396633a27305524772
1101,129052,3022290,1337274180.0,951b6472064a7604805b8d7e802c08d7cbb86a74
1101,129052,3022290,1337274180.0,5eced3c9262ee3ec1a915d9a33a2e262df438bd0
1101,129052,3022290,1337274180.0,4f8177ed8cb2128de4a16cacdf2ddd9ebb8dbb2a
1101,129052,3022290,1337274180.0,71c09969a36cc0f399115973ea1c48137aa1d6f1
1101,129052,3022290,1337274180.0,82fceeb3031d3fe2425361d0d02abb248707b06c
1101,129052,3022290,1337274180.0,8866349a9b67ffdf13a79c53e23a0f59faaa2b9b
1101,129052,3022290,1337274180.0,b60f19f15d4f2847774d205e15fc0a60705dfc9b
1101,129052,3022290,1337274180.0,ecd66a85b2cb110109cbcf15fc5f71478f66d465
1101,129052,3022290,1337274180.0,d9f8e20b9bc384f1551b34c93e57b0227e5f715e
1101,129052,3022290,1337274180.0,822f6a540e68bfa7f2ebed03b9098ee0bf0d85bc
1101,129052,3022290,1337274180.0,760a7b81c1ac9eb5e272daa31192ebe05b61717d
1101,129052,3022290,1337274180.0,7a56aeddf6f7204730491afd77246b4fa3fb4673
1101,129052,3022290,1337274180.0,78f1f8dd6d5ec226b2847a9fc8621cd0ef324fb3
1101,129052,3022290,1337274180.0,27e92e1439d9711fce3b0da1657b937ded68130c
1101,129052,3022290,1337274180.0,fe263141988678fd39a448a0a3bf3f8d67880f2f
1101,129052,3022290,1337274180.0,6137ebafca4297dd3e3015e6918afa8597b95703
1101,129052,3022290,1337274180.0,231ac725cef253ec2cee1d08863d2cb536938816
1101,129052,3022290,1337274180.0,cd0599f63f9b41f9367b9706531a21c713382c89
1101,129052,3022290,1337274180.0,2721301fb0afff3c7916e88dc3f98d29b0614936
1101,129052,3022290,1337274180.0,a3330f89bfc5c30f1bb36336242cf630233c626c
1101,129052,3022290,1337274180.0,747032f04477f8a71131fccd740b01744467cbeb
1101,129052,3022290,1337274180.0,7140642994532f5631085a8a60f424f8ba2301a2
1101,129052,3022290,1337274180.0,70eb7186410b4accbb050d418ae8e74f726b8288
1101,129052,3022290,1337274180.0,dc8cacd927765f9916bb609edc4493f329850533
1101,129052,3022290,1337274180.0,0376a785c7555948cf1f6cda47995c9ebe307dbb
1101,120961,3022442,1337281140.0,4d19ed2592d6a8c04b2ed63016201806e42176ea
1101,120961,3022442,1337281140.0,5fd42b1fe62a4f67df127fe74e30aeffe5462ee7
1101,120961,3022442,1337281140.0,294265465f3c753987851598c926471dcd8e060b
1101,120961,3022442,1337281140.0,1f184e2fa9dbde2a3cb3115bd264ac89020abfe7
1101,120961,3022442,1337281140.0,c60164b967447b31f5a9e1277c96646d7befc263
1101,120961,3022442,1337281140.0,ddae93451ce16273d37486435b8a88c740265691
1101,120961,3022442,1337281140.0,20055829c0e1bfb5d8fde6216b1ded0834621852
1101,120961,3022442,1337281140.0,4f6ca203fe1303aa11f61e0a52782c3f5ea44b6a
1101,120961,3022442,1337281140.0,ab3f4241e14cca9853a31ffe0e1b514e9092a82c
1101,120961,3022442,1337281140.0,09b82876b5b837c9f020f6ba011b10fca59fdc2d
1101,120961,3022442,1337281140.0,97ecd0346beaf55beea1cade40daa3ef34c209c4
1101,120961,3022442,1337281140.0,9c51e50257de145c207b9ab2d4104d96999ab2c1
1101,120961,3022442,1337281140.0,d3c9d19b099907f5c7b61d1b6d33194940021067
1101,120961,3022442,1337281140.0,f0ae2ee9616a87ac1258955c364b084715a8596c
1101,120961,3022442,1337281140.0,b00250c3b0ae825efb97579c09f0c01f90924273
1101,120961,3022442,1337281140.0,149c12b4c75455aa38a665d45c54cd2fcfee1484
1101,120961,3022442,1337281140.0,cce7b8d4f0622282bf5dda8a5b3b67388b61aa01
1101,120961,3022442,1337281140.0,b545dc3955648ebdaa424d8aa326cd8770f9bc82
1101,120961,3022442,1337281140.0,3273c3e8500034f72824132049776bdf2ce87db2
1101,120961,3022442,1337281140.0,85d946d59007f06892c26af1af6ee067706ac6d2
1101,120961,3022442,1337281140.0,3df63f20c3caefdc86d0d59ba2ad28e92b481270
1101,120961,3022442,1337281140.0,03bbe0d78abd851b47d292d0f82bd8a4bbd4631b
1101,120961,3022442,1337281140.0,d39a21cab79d2d61bc57cca4e33f0064761d68e7
1101,120961,3022442,1337281140.0,129a6613939dc938c56ce4940b94691a36b8000d
1101,120961,3022442,1337281140.0,3155f38a4d69e9670fb876db2b9bd59c49bd3c6a
1101,120961,3022442,1337281140.0,3c25c570e82796eb081fc346ebaebcc4e393aaa4
1101,120961,3022442,1337281140.0,9bb045079531654dcc46a0bdab6778540a10bb56
1101,120961,3022442,1337281140.0,6691bcd1371b9a13671b4b270c11de8eccc74727
1101,120961,3022442,1337281140.0,022a5095fdfba5c9f918ea4f6c6873a108b65818
1101,120961,3022442,1337281140.0,b5f205ce6d979b936404b057f22fedeb422798bf
1101,120961,3022442,1337281140.0,5c15a87e538fbeda30c7a038cdceb7e94d2b5f78
1101,120961,3022442,1337281140.0,2bee20dac2736d5a8164f3812075e812480c4d3c
1101,120961,3022442,1337281140.0,10f6974b799323de35f668932de11d73798af233
1101,120961,3022442,1337281140.0,887b13dd18475ae071b3fd3daf10904a70ed2243
1101,120961,3022442,1337281140.0,113ea01b1057a80da0d5a699f411f000ac4ca529
1101,120961,3022442,1337281140.0,b15fa6d14b19e3fb7f3a4b46a53c983f68195099
1101,120961,3022442,1337281140.0,cb0a968054ff83cfdc3d3a7f0bca24981f169191
1101,120961,3022442,1337281140.0,992a88ed3f449eb725fbd878495fda9fdf43f5d0
1101,120961,3022442,1337281140.0,792847f4d5ba9d064f04a323c2d47d64a74fa41f
1101,120961,3022442,1337281140.0,e4017cd02fba5154d8feb3976c6ad55a4f29f420
1101,120961,3022442,1337281140.0,b9ef7a639fb8d1c5dc520d988e4f9dab7619d507
1101,120961,3022442,1337281140.0,eb080e4b97e5c1805f3c98d83ae6e0e5e8e4c36c
1101,120961,3022442,1337281140.0,81932004f83e17c4e974db9e3c75bd19e1325c28
1101,120961,3022442,1337281140.0,269141b6dea556218168ae095021f35e8defe949
1101,120961,3022442,1337281140.0,d88012283662fafc1503d6f622e8d13bf4b76dad
1101,120961,3022442,1337281140.0,ee845ffc95f813e8a1535aae72aaae440011ec00
1101,120961,3022442,1337281140.0,e9f84bdfa044cbd1d91475a71a9e8df142817b6a
1101,120961,3022442,1337281140.0,0bb6c335ddcb8741bd9e5e3cc2805facb43940a2
1101,120961,3022442,1337281140.0,beda73c1786d233d2a1096642a444475c9d7cccc
1101,120961,3022442,1337281140.0,ba5b4c2cfeffeafafa19a91670da9622c5ef1db1
1101,120961,3022442,1337281140.0,01f14eb24e51a9f7c2fe256f01e880ebfe65035a
1101,120961,3022442,1337281140.0,5b4331b2f1033f77775e9e99d69caa6057f930f6
1101,120961,3022442,1337281140.0,8904d9336d57a056a09759af115875a481e29b9a
1101,120961,3022442,1337281140.0,676141166f7c76cf2c769a7c89265d02135dd85a
1101,120961,3022442,1337281140.0,d98bd6537c55285ced2f6ad1b136824b103a6b4b
1101,120961,3022442,1337281140.0,53b77c1e9c4f8f5b7e9d6048ca5b6506a53e15e7
1101,120961,3022442,1337281140.0,c0e35e8d05d275bd6a9812d6ef51f7873f468f57
1101,120961,3022442,1337281140.0,31272ae618e4fd8ace82b38a74562ae44da0f037
1101,120961,3022442,1337281140.0,caa202634001f55975c10efab9a8d32920783bd9
1101,120961,3022442,1337281140.0,65e215d0123f9bfed0e5645c71bf81d25afd14ea
1101,120961,3022442,1337281140.0,426b45a568e0d063f148dde79311ce936d32799e
1101,120961,3022442,1337281140.0,182d022ba39c7d4a60d0da627c5f3b83b87d0cfa
1101,120961,3022442,1337281140.0,73da003e5d643fbca0ee539c399fc94260325427
1101,120961,3022442,1337281140.0,ee9e12d17ba764489ce282821fd535ebfdca1565
1101,120961,3022442,1337281140.0,3670a72a94a8461f87479db724be8d8c8fca0564
1101,120961,3022442,1337281140.0,15f61af27ccf59f0f43defa72724445aae74ef62
1101,120961,3022442,1337281140.0,57a2ae8006565f1dbc8984aa8300be36a5e9e184
1101,120961,3022442,1337281140.0,73d33370fd28b301f60f52e624a5288106b4ba24
1101,120961,3022442,1337281140.0,6d5dddea60f9cfe781c8e5489bdbf9a57147b314
1101,120961,3022442,1337281140.0,c39a3cc4cd0acfdc884199afdc4ed959d1dc1e1b
1101,120961,3022442,1337281140.0,b46f2d468f080224479202534c3bf59b4a86873d
1101,120961,3022442,1337281140.0,4bb200e68c96f2f931dd4308c78907d3d02c8f7c
1101,120961,3022442,1337281140.0,74f58d5c45852ac901c6c8b9699759016976d1cf
1101,120961,3022442,1337281140.0,2b4dcb297106517fb3ecef682c34c8946982a88e
1101,120961,3022442,1337281140.0,c480042e372d93289a821edae14779c0fa91921d
1101,120961,3022442,1337281140.0,642a8102f40ba3d217736f8341ba718efbefc778
1101,120961,3022442,1337281140.0,b1d5bfeba7d99f0e947f59a3c16ee056e0ca5a8b
1101,120961,3022442,1337281140.0,2ccb25d7a8ca2cb7840710510e7242dd3d261b04
1101,120961,3022442,1337281140.0,fe6de83d570c6344f936c7b5af33b4e67e7a82ed
1101,120961,3022442,1337281140.0,8de0d3e0e4816b9e033c4750f6b6bb0e84cee8ca
1101,120961,3022442,1337281140.0,cd04d3f84ea6210012f9a2b7d6df87725467bc0d
1101,120961,3022442,1337281140.0,ab7525ab6fc676dfff88d49b57d0ec4b8f55aa31
1101,120961,3022442,1337281140.0,ba824fe8889bb66f20698740d222baef08fc0116
1101,120961,3022442,1337281140.0,4d2dd593a9574c6a34ad319d741ee998f52c5b64
1101,120961,3022442,1337281140.0,6a2311968ffcf6cb386af842a2c4140f33d2df58
1101,120961,3022442,1337281140.0,54538063a4839616a611b6c6fcbfb433709d2fbf
1101,120961,3022442,1337281140.0,3972bdc53a99c1e10c894f4a94666074badc56da
1101,120961,3022442,1337281140.0,49e94f1ee0977ef7a1acccb42f94333a7e3dd9f7
1101,120961,3022442,1337281140.0,2413a01d007591decba876bdc7fc0520283c0590
1101,120961,3022442,1337281140.0,4088f3787a006596f6f9926a52671b1ef8c93188
1101,120961,3022442,1337281140.0,d8c9fbe8369910eb53f764e1e56b1fc8757b0d50
1101,120961,3022442,1337281140.0,1beb8410c024a69e6d14898df90cd04d7e06a29c
1101,120961,3022442,1337281140.0,9e717a08a42956081d0822b3cd5736f984263c1e
1101,120961,3022442,1337281140.0,462c42dd44fa784ee59d9485bfb3170f1610a378
1101,120961,3022442,1337281140.0,5e20899aba492c2d3d0812f3615d176bcca3033c
1101,120961,3022442,1337281140.0,e45f62f4b497fc51fb1fe55038a217f48ec39e20
1101,120961,3022442,1337281140.0,c8372b7b7acaaa6d9ead0f2a1b3b0837b42a0c89
1101,120961,3022442,1337281140.0,43e3d8e1206a8098e9049e864000edf7c1994217
1101,120961,3022442,1337281140.0,79f522b50203e25b577c2264fc901ed5afb5f4d6
1101,120961,3022442,1337281140.0,b0f183819ced91c8b1c20775f52edd548a68f145
1101,120961,3022442,1337281140.0,6dd14c5a9c3d236c45dde0e4b6b5c24b488f2f57
1101,120961,3022442,1337281140.0,e05deb28dd4ffe67f34a395f54d15c928c848291
1101,120961,3022442,1337281140.0,a88bf14f8507e89da4d8d33fd4247a02e26077ee
1101,120961,3022442,1337281140.0,ec4ad2758b328117f77b8a297bfe0e93f3a29410
1101,120961,3022442,1337281140.0,e51c7ad8dd5ee162a4df415fef56dd465cc6c182
1101,120961,3022442,1337281140.0,8e644d1ca22a98c2699d9bced9109da4c0d5abe7
1101,120961,3022442,1337281140.0,ccc6101f3d7c649e133dc1c04b0337ed7322d980
1101,120961,3022442,1337281140.0,74ef2a616fa2de4bb14d68b3bd32faea89f08801
1101,120961,3022442,1337281140.0,be646d5a00f2ce1dfa1415e8792dbb24581a5801
1101,120961,3022442,1337281140.0,8dc3918fbcc6afe83618b9ab8820900e01784e03
1101,120961,3022442,1337281140.0,9998a7871dc6fbf5b9757d377c1dafd9400b437f
1101,120961,3022442,1337281140.0,9a6aacf5d4ea85224f2c3e9af99f5d28e44e7c65
1101,120961,3022442,1337281140.0,36eb47e5705780550029fe39c0b05d7a2a7f3a8e
1101,120961,3022442,1337281140.0,69f9e4f02b14c9d9e039dae8c623f36aac607f9f
1101,120961,3022442,1337281140.0,7f9970aaafad16be1275857018074334785ae44c
1101,120961,3022442,1337281140.0,a4f486523f9b80e014d8da08500a139aeb249d41
1101,120961,3022442,1337281140.0,389813b9b15183f20ae8e2df9d7d213a9615f604
1101,120961,3022442,1337281140.0,75aa41d025ee7ebc957981cac8474001b7bcf411
1101,120961,3022442,1337281140.0,a7fbf6571eb5cdcdcee26b09c74029480f3f795b
1101,120961,3022442,1337281140.0,b05fe2ebe48cc758d35e65b7d9f51374d1c64b07
1101,120961,3022442,1337281140.0,dff9d7784c25369f186d5f2753277a49e80c7cad
1101,120961,3022442,1337281140.0,de9cef41e2e54ff3c91d114395f4d6656fee7531
1101,120961,3022442,1337281140.0,16dad0f6a8011bb93147ac647e19b20988548734
1101,120961,3022442,1337281140.0,b386f7599eab296d7312fb3184568592663386a5
1101,120961,3022442,1337281140.0,c5a7c8eb304587e867f46a26f074c917ac08758f
1101,120961,3022442,1337281140.0,f1730c12a3941eb566081121a2a9e05a164b5b55
1101,120961,3022442,1337281140.0,5847ee65e64f24291e1161b6a67028286f86c416
1101,120961,3022442,1337281140.0,dfcf364eb2de5c3147521272b42f00b1b1d6765a
1101,120961,3022442,1337281140.0,4117259a70802cfc655e197ff5995b38bee3f62c
1101,120961,3022442,1337281140.0,473e9670473c0d748b214fcb4aef4bbdfc6b0b3f
1101,120961,3022442,1337281140.0,a840612407614c9e3da41efea07dd6b4ad927433
1101,120961,3022442,1337281140.0,1ae0452c87da0fa20076a54b3a9c61fc482951b0
1101,120961,3022442,1337281140.0,450e9a7383cef7204636cbcb888c99ff016f8cc6
1101,120961,3022442,1337281140.0,19cd78bb73f24d28762bdec2561a5f6b13cf39b4
1101,120961,3022442,1337281140.0,1e0f71e76118319d10e84e76c2571d498dc409d5
1101,120961,3022442,1337281140.0,b865993a3f3ba95f4fe482ae73c12cc82beca153
1101,120961,3022442,1337281140.0,a05bb6b20cfa6718fd0294cbd89ca218e0e96756
1101,120961,3022442,1337281140.0,9173e42ea612383a286be40025be3339a79310bf
1101,120961,3022442,1337281140.0,5efd8cce45fb65190817d3ef5e6eb9c33b008315
1101,120961,3022442,1337281140.0,8cca1cf6ea90cb66a2e4f61fef5f3673f07b2a5a
1101,120961,3022442,1337281140.0,0f27c32da436ff5be93a46495c463c8a64b2fe44
1101,120961,3022442,1337281140.0,30f7da7224e4d73a7d61c1d6ae42e0c1115fc16d
1101,120961,3022442,1337281140.0,7e449f47a299499844f56315c919f265410806a0
1101,120961,3022442,1337281140.0,51b7b7078b2abcf2a8271bfd4f8a595b6616b5ab
1101,120961,3022442,1337281140.0,cbde92a2e86ae4afb02e232d2dcf9a1b62ffd28e
1101,120961,3022442,1337281140.0,0238d8efd1f77f37a61592a54276038b3c26e817
1101,120961,3022442,1337281140.0,d17c9ab6648c54646673d36f34aee4db8a96ed83
1101,120961,3022442,1337281140.0,e6013ac45833d5f714827c0638d245a656ab0f91
1101,120961,3022442,1337281140.0,10474b092bf042083c80e2a929cb93ebeae990e0
1101,120961,3022442,1337281140.0,e66ecce1cc5e085364d11b1250757a0907461716
1101,120961,3022442,1337281140.0,e6c95ce36cc44105c36491ecfae9561245374273
1101,120961,3022442,1337281140.0,74980cd1cbda995025189a184ba6454cd8e379b8
1101,120961,3022442,1337281140.0,b0101fc1f602807273643bb0f1ff236de24a0922
1101,120961,3022442,1337281140.0,5ae4354990e32422d74035246626e53cb5a658b3
1101,120961,3022442,1337281140.0,2f9b617a06ff8c5d639192ef61079dc23c9dad06
1101,120961,3022442,1337281140.0,05c7713b11cd14b419c7e14aacf4fa2c2b3d159c
1101,120961,3022442,1337281140.0,d7e20ff2d7dabd481795cd33dc2d8f3c0b76b845
1101,120961,3022442,1337281140.0,c2b86d1354bc31aa7ab7c7cde4db53cbcc4be9e3
1101,120961,3022442,1337281140.0,a7a7cbe977702692ab1ce561d6576cf46677df3d
1101,120961,3022442,1337281140.0,8ae70bf2e2016e3d64778cc745fb74caa5a09954
1101,120961,3022442,1337281140.0,b687af189430879636637f51fbae07a984f82629
1101,120961,3022442,1337281140.0,eb5bd6a1da7c2f8821be306bac3e6acadfaef8d2
1101,120961,3022442,1337281140.0,f8f7f814049776e11fd7e10917b87f9b86414c85
1101,120961,3022442,1337281140.0,1dc9aa20198297508b8160a8bcdf4534100887a5
1101,120961,3022442,1337281140.0,07afaded85a22df1f9b1d2b3e0120e62f29983f6
1101,120961,3022442,1337281140.0,d0e3469caa2c285b609a1f6c3dc91cf3b170a6c8
1101,120961,3022442,1337281140.0,03cb55c34d9520b312b967d0ce00368722463e4b
1101,120961,3022442,1337281140.0,6f540b1111f2df15ac96f380e43192bb1e959e79
1101,120961,3022442,1337281140.0,c149821b2116b01c8e28a0347be036f78ace8909
1101,120961,3022442,1337281140.0,8b5148289fd6ac9d21642843433044908895d53e
1101,120961,3022442,1337281140.0,e10f4fcd9a29a3dd26bf2160e6a92fd3bd3db02f
1101,120961,3022442,1337281140.0,efb6f71b1dd3fab988deddaa44ba06ea63e8e30b
1101,120961,3022442,1337281140.0,b14a82e5e4cb802ae9c96f1b60acf1558078e938
1101,120961,3022442,1337281140.0,c4f36a32c1e899b36da7e2f69c6ce086b2da38dd
1101,120961,3022442,1337281140.0,cee4368a77085a5c1297df3b4726f97425b3e0bb
1101,120961,3022442,1337281140.0,d6d94a6f7e8c78607d84aeaf56056509d3167e70
1101,120961,3022442,1337281140.0,05ba4c71ff8ee7492110f83793c1d2c082a502c4
1101,120961,3022442,1337281140.0,ea0cb49c111beaa2f67a5a7fcbbf67632e479760
1101,120961,3022442,1337281140.0,26297979387b628aed916332a1b605ba8fc16760
1101,120961,3022442,1337281140.0,cd7c97f57e062be51da0f81887a27baefb35520b
